Time,Frame,label,Membrane_signal,Cytosolic_signal,ratio_mb/cyt,File
-6.0,-3.0,1.0,478.9194,216.30147,2.2141292,C2-Experiment-232-Airyscan Processing-01.czi#1_2024-Jul-3-001
-4.0,-2.0,1.0,472.16754,186.36269,2.5335948,C2-Experiment-232-Airyscan Processing-01.czi#1_2024-Jul-3-001
-2.0,-1.0,1.0,419.31384,194.01639,2.161229,C2-Experiment-232-Airyscan Processing-01.czi#1_2024-Jul-3-001
0.0,0.0,1.0,381.7141,184.95863,2.063781,C2-Experiment-232-Airyscan Processing-01.czi#1_2024-Jul-3-001
2.0,1.0,1.0,338.7004,184.53383,1.835438,C2-Experiment-232-Airyscan Processing-01.czi#1_2024-Jul-3-001
4.0,2.0,1.0,335.2532,173.79341,1.9290329,C2-Experiment-232-Airyscan Processing-01.czi#1_2024-Jul-3-001
6.0,3.0,1.0,303.93896,173.28511,1.753982,C2-Experiment-232-Airyscan Processing-01.czi#1_2024-Jul-3-001
8.0,4.0,1.0,353.38123,173.07706,2.0417566,C2-Experiment-232-Airyscan Processing-01.czi#1_2024-Jul-3-001
10.0,5.0,1.0,389.49878,171.26573,2.2742364,C2-Experiment-232-Airyscan Processing-01.czi#1_2024-Jul-3-001
12.0,6.0,1.0,331.74704,167.30186,1.9829249,C2-Experiment-232-Airyscan Processing-01.czi#1_2024-Jul-3-001
14.0,7.0,1.0,370.04468,175.69353,2.1061943,C2-Experiment-232-Airyscan Processing-01.czi#1_2024-Jul-3-001
16.0,8.0,1.0,363.30127,176.8621,2.0541499,C2-Experiment-232-Airyscan Processing-01.czi#1_2024-Jul-3-001
18.0,9.0,1.0,369.7537,178.1986,2.0749528,C2-Experiment-232-Airyscan Processing-01.czi#1_2024-Jul-3-001
20.0,10.0,1.0,346.6165,194.83704,1.7790072,C2-Experiment-232-Airyscan Processing-01.czi#1_2024-Jul-3-001
22.0,11.0,1.0,367.00177,186.3828,1.9690753,C2-Experiment-232-Airyscan Processing-01.czi#1_2024-Jul-3-001
24.0,12.0,1.0,360.29437,203.26578,1.7725284,C2-Experiment-232-Airyscan Processing-01.czi#1_2024-Jul-3-001
26.0,13.0,1.0,370.8804,182.9469,2.0272572,C2-Experiment-232-Airyscan Processing-01.czi#1_2024-Jul-3-001
28.0,14.0,1.0,420.81332,186.9575,2.2508502,C2-Experiment-232-Airyscan Processing-01.czi#1_2024-Jul-3-001
30.0,15.0,1.0,395.57935,171.40569,2.3078542,C2-Experiment-232-Airyscan Processing-01.czi#1_2024-Jul-3-001
32.0,16.0,1.0,387.6907,178.38254,2.173367,C2-Experiment-232-Airyscan Processing-01.czi#1_2024-Jul-3-001
34.0,17.0,1.0,404.48343,183.96945,2.1986446,C2-Experiment-232-Airyscan Processing-01.czi#1_2024-Jul-3-001
-6.0,-3.0,2.0,316.87006,205.72374,1.5402697,C2-Experiment-232-Airyscan Processing-01.czi#1_2024-Jul-3-001
-4.0,-2.0,2.0,307.37772,168.54964,1.8236629,C2-Experiment-232-Airyscan Processing-01.czi#1_2024-Jul-3-001
-2.0,-1.0,2.0,299.9369,173.87854,1.7249794,C2-Experiment-232-Airyscan Processing-01.czi#1_2024-Jul-3-001
0.0,0.0,2.0,241.00282,186.62175,1.2913973,C2-Experiment-232-Airyscan Processing-01.czi#1_2024-Jul-3-001
2.0,1.0,2.0,254.69002,167.8951,1.5169592,C2-Experiment-232-Airyscan Processing-01.czi#1_2024-Jul-3-001
4.0,2.0,2.0,246.47589,156.79085,1.5720043,C2-Experiment-232-Airyscan Processing-01.czi#1_2024-Jul-3-001
6.0,3.0,2.0,221.26804,163.9417,1.3496752,C2-Experiment-232-Airyscan Processing-01.czi#1_2024-Jul-3-001
8.0,4.0,2.0,248.2154,152.4654,1.6280113,C2-Experiment-232-Airyscan Processing-01.czi#1_2024-Jul-3-001
10.0,5.0,2.0,244.12729,162.17102,1.5053694,C2-Experiment-232-Airyscan Processing-01.czi#1_2024-Jul-3-001
12.0,6.0,2.0,238.76505,155.21301,1.5383056,C2-Experiment-232-Airyscan Processing-01.czi#1_2024-Jul-3-001
14.0,7.0,2.0,243.3955,173.32526,1.4042702,C2-Experiment-232-Airyscan Processing-01.czi#1_2024-Jul-3-001
16.0,8.0,2.0,257.29166,172.00655,1.4958248,C2-Experiment-232-Airyscan Processing-01.czi#1_2024-Jul-3-001
18.0,9.0,2.0,271.74295,177.88623,1.5276222,C2-Experiment-232-Airyscan Processing-01.czi#1_2024-Jul-3-001
20.0,10.0,2.0,269.2348,173.1278,1.5551217,C2-Experiment-232-Airyscan Processing-01.czi#1_2024-Jul-3-001
22.0,11.0,2.0,276.1443,185.57329,1.4880606,C2-Experiment-232-Airyscan Processing-01.czi#1_2024-Jul-3-001
24.0,12.0,2.0,283.92932,179.52946,1.5815194,C2-Experiment-232-Airyscan Processing-01.czi#1_2024-Jul-3-001
26.0,13.0,2.0,292.73215,178.98534,1.6355091,C2-Experiment-232-Airyscan Processing-01.czi#1_2024-Jul-3-001
28.0,14.0,2.0,267.896,178.20724,1.5032834,C2-Experiment-232-Airyscan Processing-01.czi#1_2024-Jul-3-001
30.0,15.0,2.0,299.43912,167.45607,1.7881652,C2-Experiment-232-Airyscan Processing-01.czi#1_2024-Jul-3-001
32.0,16.0,2.0,274.00665,164.76195,1.6630458,C2-Experiment-232-Airyscan Processing-01.czi#1_2024-Jul-3-001
34.0,17.0,2.0,255.65477,173.49954,1.4735184,C2-Experiment-232-Airyscan Processing-01.czi#1_2024-Jul-3-001
-6.0,-3.0,3.0,326.79333,213.26917,1.5323046,C2-Experiment-232-Airyscan Processing-01.czi#1_2024-Jul-3-001
-4.0,-2.0,3.0,281.07352,188.95929,1.4874818,C2-Experiment-232-Airyscan Processing-01.czi#1_2024-Jul-3-001
-2.0,-1.0,3.0,277.73795,182.08276,1.525339,C2-Experiment-232-Airyscan Processing-01.czi#1_2024-Jul-3-001
0.0,0.0,3.0,288.0522,172.15227,1.6732408,C2-Experiment-232-Airyscan Processing-01.czi#1_2024-Jul-3-001
2.0,1.0,3.0,229.4214,171.4505,1.3381203,C2-Experiment-232-Airyscan Processing-01.czi#1_2024-Jul-3-001
4.0,2.0,3.0,239.84685,159.0362,1.5081275,C2-Experiment-232-Airyscan Processing-01.czi#1_2024-Jul-3-001
6.0,3.0,3.0,218.0364,155.76991,1.3997338,C2-Experiment-232-Airyscan Processing-01.czi#1_2024-Jul-3-001
8.0,4.0,3.0,224.63564,143.3571,1.5669656,C2-Experiment-232-Airyscan Processing-01.czi#1_2024-Jul-3-001
10.0,5.0,3.0,221.26955,161.13089,1.3732285,C2-Experiment-232-Airyscan Processing-01.czi#1_2024-Jul-3-001
12.0,6.0,3.0,221.08594,165.05383,1.3394778,C2-Experiment-232-Airyscan Processing-01.czi#1_2024-Jul-3-001
14.0,7.0,3.0,224.83138,161.3862,1.3931264,C2-Experiment-232-Airyscan Processing-01.czi#1_2024-Jul-3-001
16.0,8.0,3.0,223.44936,169.00305,1.3221617,C2-Experiment-232-Airyscan Processing-01.czi#1_2024-Jul-3-001
18.0,9.0,3.0,227.928,163.78546,1.3916253,C2-Experiment-232-Airyscan Processing-01.czi#1_2024-Jul-3-001
20.0,10.0,3.0,229.8849,175.4343,1.310376,C2-Experiment-232-Airyscan Processing-01.czi#1_2024-Jul-3-001
22.0,11.0,3.0,234.59253,173.37338,1.3531058,C2-Experiment-232-Airyscan Processing-01.czi#1_2024-Jul-3-001
24.0,12.0,3.0,256.5191,178.46346,1.4373761,C2-Experiment-232-Airyscan Processing-01.czi#1_2024-Jul-3-001
26.0,13.0,3.0,243.42798,167.75104,1.4511265,C2-Experiment-232-Airyscan Processing-01.czi#1_2024-Jul-3-001
28.0,14.0,3.0,246.85713,168.01845,1.4692264,C2-Experiment-232-Airyscan Processing-01.czi#1_2024-Jul-3-001
30.0,15.0,3.0,238.76222,159.51242,1.4968252,C2-Experiment-232-Airyscan Processing-01.czi#1_2024-Jul-3-001
32.0,16.0,3.0,211.4398,167.47592,1.2625086,C2-Experiment-232-Airyscan Processing-01.czi#1_2024-Jul-3-001
34.0,17.0,3.0,230.37119,166.9565,1.3798276,C2-Experiment-232-Airyscan Processing-01.czi#1_2024-Jul-3-001
-6.0,-3.0,4.0,377.60773,209.04018,1.8063883,C2-Experiment-232-Airyscan Processing-01.czi#1_2024-Jul-3-001
-4.0,-2.0,4.0,398.86035,183.72081,2.1710134,C2-Experiment-232-Airyscan Processing-01.czi#1_2024-Jul-3-001
-2.0,-1.0,4.0,375.10663,184.64508,2.0315008,C2-Experiment-232-Airyscan Processing-01.czi#1_2024-Jul-3-001
0.0,0.0,4.0,357.10083,177.44887,2.0124154,C2-Experiment-232-Airyscan Processing-01.czi#1_2024-Jul-3-001
2.0,1.0,4.0,336.59683,176.47685,1.9073143,C2-Experiment-232-Airyscan Processing-01.czi#1_2024-Jul-3-001
4.0,2.0,4.0,329.75034,170.6027,1.9328552,C2-Experiment-232-Airyscan Processing-01.czi#1_2024-Jul-3-001
6.0,3.0,4.0,300.75516,164.00587,1.8338072,C2-Experiment-232-Airyscan Processing-01.czi#1_2024-Jul-3-001
8.0,4.0,4.0,332.37778,162.11412,2.0502703,C2-Experiment-232-Airyscan Processing-01.czi#1_2024-Jul-3-001
10.0,5.0,4.0,287.55957,158.51625,1.81407,C2-Experiment-232-Airyscan Processing-01.czi#1_2024-Jul-3-001
12.0,6.0,4.0,266.82895,163.2909,1.6340712,C2-Experiment-232-Airyscan Processing-01.czi#1_2024-Jul-3-001
14.0,7.0,4.0,301.12607,171.42027,1.7566538,C2-Experiment-232-Airyscan Processing-01.czi#1_2024-Jul-3-001
16.0,8.0,4.0,317.98398,170.43295,1.8657423,C2-Experiment-232-Airyscan Processing-01.czi#1_2024-Jul-3-001
18.0,9.0,4.0,307.16013,175.08228,1.7543759,C2-Experiment-232-Airyscan Processing-01.czi#1_2024-Jul-3-001
20.0,10.0,4.0,341.73907,176.42111,1.9370645,C2-Experiment-232-Airyscan Processing-01.czi#1_2024-Jul-3-001
22.0,11.0,4.0,309.5247,179.0976,1.728246,C2-Experiment-232-Airyscan Processing-01.czi#1_2024-Jul-3-001
24.0,12.0,4.0,328.95792,178.78543,1.8399593,C2-Experiment-232-Airyscan Processing-01.czi#1_2024-Jul-3-001
26.0,13.0,4.0,339.17105,174.84906,1.9397933,C2-Experiment-232-Airyscan Processing-01.czi#1_2024-Jul-3-001
28.0,14.0,4.0,328.23157,175.00473,1.8755583,C2-Experiment-232-Airyscan Processing-01.czi#1_2024-Jul-3-001
30.0,15.0,4.0,296.39996,167.50552,1.7694937,C2-Experiment-232-Airyscan Processing-01.czi#1_2024-Jul-3-001
32.0,16.0,4.0,317.17218,178.41107,1.7777606,C2-Experiment-232-Airyscan Processing-01.czi#1_2024-Jul-3-001
34.0,17.0,4.0,300.9068,169.08704,1.779597,C2-Experiment-232-Airyscan Processing-01.czi#1_2024-Jul-3-001
-6.0,-3.0,5.0,311.1288,218.28285,1.425347,C2-Experiment-232-Airyscan Processing-01.czi#1_2024-Jul-3-001
-4.0,-2.0,5.0,275.13348,196.25203,1.4019395,C2-Experiment-232-Airyscan Processing-01.czi#1_2024-Jul-3-001
-2.0,-1.0,5.0,275.4883,194.99864,1.4127704,C2-Experiment-232-Airyscan Processing-01.czi#1_2024-Jul-3-001
0.0,0.0,5.0,306.6138,173.483,1.7673997,C2-Experiment-232-Airyscan Processing-01.czi#1_2024-Jul-3-001
2.0,1.0,5.0,246.72395,162.41614,1.5190852,C2-Experiment-232-Airyscan Processing-01.czi#1_2024-Jul-3-001
4.0,2.0,5.0,237.53273,173.34912,1.3702563,C2-Experiment-232-Airyscan Processing-01.czi#1_2024-Jul-3-001
6.0,3.0,5.0,217.17284,156.8689,1.3844225,C2-Experiment-232-Airyscan Processing-01.czi#1_2024-Jul-3-001
8.0,4.0,5.0,247.23584,158.02498,1.5645365,C2-Experiment-232-Airyscan Processing-01.czi#1_2024-Jul-3-001
10.0,5.0,5.0,215.35864,165.89061,1.2981967,C2-Experiment-232-Airyscan Processing-01.czi#1_2024-Jul-3-001
12.0,6.0,5.0,200.60153,164.89449,1.2165449,C2-Experiment-232-Airyscan Processing-01.czi#1_2024-Jul-3-001
14.0,7.0,5.0,204.29868,167.62627,1.2187748,C2-Experiment-232-Airyscan Processing-01.czi#1_2024-Jul-3-001
16.0,8.0,5.0,208.63968,167.15065,1.2482134,C2-Experiment-232-Airyscan Processing-01.czi#1_2024-Jul-3-001
18.0,9.0,5.0,262.08575,165.66376,1.5820343,C2-Experiment-232-Airyscan Processing-01.czi#1_2024-Jul-3-001
20.0,10.0,5.0,264.315,180.12474,1.4673997,C2-Experiment-232-Airyscan Processing-01.czi#1_2024-Jul-3-001
22.0,11.0,5.0,237.98586,166.96065,1.4254009,C2-Experiment-232-Airyscan Processing-01.czi#1_2024-Jul-3-001
24.0,12.0,5.0,242.165,170.76811,1.4180926,C2-Experiment-232-Airyscan Processing-01.czi#1_2024-Jul-3-001
26.0,13.0,5.0,249.6854,174.90819,1.4275227,C2-Experiment-232-Airyscan Processing-01.czi#1_2024-Jul-3-001
28.0,14.0,5.0,231.61653,179.99417,1.2868001,C2-Experiment-232-Airyscan Processing-01.czi#1_2024-Jul-3-001
30.0,15.0,5.0,224.56369,166.7169,1.3469762,C2-Experiment-232-Airyscan Processing-01.czi#1_2024-Jul-3-001
32.0,16.0,5.0,208.92747,164.40312,1.2708243,C2-Experiment-232-Airyscan Processing-01.czi#1_2024-Jul-3-001
34.0,17.0,5.0,220.52393,169.08365,1.3042297,C2-Experiment-232-Airyscan Processing-01.czi#1_2024-Jul-3-001
-6.0,-3.0,6.0,303.628,211.23724,1.437379,C2-Experiment-232-Airyscan Processing-01.czi#1_2024-Jul-3-001
-4.0,-2.0,6.0,263.1402,186.58894,1.4102669,C2-Experiment-232-Airyscan Processing-01.czi#1_2024-Jul-3-001
-2.0,-1.0,6.0,277.4805,192.81161,1.4391276,C2-Experiment-232-Airyscan Processing-01.czi#1_2024-Jul-3-001
0.0,0.0,6.0,246.14383,181.4647,1.3564281,C2-Experiment-232-Airyscan Processing-01.czi#1_2024-Jul-3-001
2.0,1.0,6.0,239.87503,178.65639,1.3426614,C2-Experiment-232-Airyscan Processing-01.czi#1_2024-Jul-3-001
4.0,2.0,6.0,225.46368,166.55087,1.3537226,C2-Experiment-232-Airyscan Processing-01.czi#1_2024-Jul-3-001
6.0,3.0,6.0,212.21736,159.45795,1.3308673,C2-Experiment-232-Airyscan Processing-01.czi#1_2024-Jul-3-001
8.0,4.0,6.0,208.25554,148.61453,1.4013134,C2-Experiment-232-Airyscan Processing-01.czi#1_2024-Jul-3-001
10.0,5.0,6.0,211.15392,156.5696,1.3486266,C2-Experiment-232-Airyscan Processing-01.czi#1_2024-Jul-3-001
12.0,6.0,6.0,203.25058,161.88795,1.2555015,C2-Experiment-232-Airyscan Processing-01.czi#1_2024-Jul-3-001
14.0,7.0,6.0,196.56,163.83627,1.1997343,C2-Experiment-232-Airyscan Processing-01.czi#1_2024-Jul-3-001
16.0,8.0,6.0,202.7788,162.52129,1.247706,C2-Experiment-232-Airyscan Processing-01.czi#1_2024-Jul-3-001
18.0,9.0,6.0,222.8118,177.02612,1.2586379,C2-Experiment-232-Airyscan Processing-01.czi#1_2024-Jul-3-001
20.0,10.0,6.0,226.13728,180.13329,1.2553886,C2-Experiment-232-Airyscan Processing-01.czi#1_2024-Jul-3-001
22.0,11.0,6.0,200.88068,176.32265,1.1392789,C2-Experiment-232-Airyscan Processing-01.czi#1_2024-Jul-3-001
24.0,12.0,6.0,238.17213,168.72313,1.4116153,C2-Experiment-232-Airyscan Processing-01.czi#1_2024-Jul-3-001
26.0,13.0,6.0,241.62405,171.52629,1.4086707,C2-Experiment-232-Airyscan Processing-01.czi#1_2024-Jul-3-001
28.0,14.0,6.0,210.50682,174.93898,1.2033157,C2-Experiment-232-Airyscan Processing-01.czi#1_2024-Jul-3-001
30.0,15.0,6.0,216.11159,159.7804,1.3525538,C2-Experiment-232-Airyscan Processing-01.czi#1_2024-Jul-3-001
32.0,16.0,6.0,183.26068,165.641,1.1063727,C2-Experiment-232-Airyscan Processing-01.czi#1_2024-Jul-3-001
34.0,17.0,6.0,192.57346,158.24564,1.2169274,C2-Experiment-232-Airyscan Processing-01.czi#1_2024-Jul-3-001
-6.0,-3.0,7.0,324.3057,213.56354,1.5185443,C2-Experiment-232-Airyscan Processing-01.czi#1_2024-Jul-3-001
-4.0,-2.0,7.0,304.24506,180.51585,1.6854202,C2-Experiment-232-Airyscan Processing-01.czi#1_2024-Jul-3-001
-2.0,-1.0,7.0,304.54712,187.99129,1.6200066,C2-Experiment-232-Airyscan Processing-01.czi#1_2024-Jul-3-001
0.0,0.0,7.0,278.99918,176.70233,1.5789219,C2-Experiment-232-Airyscan Processing-01.czi#1_2024-Jul-3-001
2.0,1.0,7.0,255.44705,168.60847,1.5150309,C2-Experiment-232-Airyscan Processing-01.czi#1_2024-Jul-3-001
4.0,2.0,7.0,271.29266,164.27174,1.6514871,C2-Experiment-232-Airyscan Processing-01.czi#1_2024-Jul-3-001
6.0,3.0,7.0,234.77034,159.5959,1.4710299,C2-Experiment-232-Airyscan Processing-01.czi#1_2024-Jul-3-001
8.0,4.0,7.0,245.99577,160.42291,1.5334204,C2-Experiment-232-Airyscan Processing-01.czi#1_2024-Jul-3-001
10.0,5.0,7.0,242.13184,162.84827,1.4868555,C2-Experiment-232-Airyscan Processing-01.czi#1_2024-Jul-3-001
12.0,6.0,7.0,236.78497,154.44852,1.5330997,C2-Experiment-232-Airyscan Processing-01.czi#1_2024-Jul-3-001
14.0,7.0,7.0,239.82715,163.83498,1.4638337,C2-Experiment-232-Airyscan Processing-01.czi#1_2024-Jul-3-001
16.0,8.0,7.0,224.45105,156.26234,1.4363732,C2-Experiment-232-Airyscan Processing-01.czi#1_2024-Jul-3-001
18.0,9.0,7.0,243.19977,162.23837,1.4990274,C2-Experiment-232-Airyscan Processing-01.czi#1_2024-Jul-3-001
20.0,10.0,7.0,257.14255,176.02365,1.460841,C2-Experiment-232-Airyscan Processing-01.czi#1_2024-Jul-3-001
22.0,11.0,7.0,277.28723,171.29527,1.6187676,C2-Experiment-232-Airyscan Processing-01.czi#1_2024-Jul-3-001
24.0,12.0,7.0,287.22507,166.50647,1.7250085,C2-Experiment-232-Airyscan Processing-01.czi#1_2024-Jul-3-001
26.0,13.0,7.0,269.4123,165.99016,1.6230619,C2-Experiment-232-Airyscan Processing-01.czi#1_2024-Jul-3-001
28.0,14.0,7.0,262.06027,160.79271,1.629802,C2-Experiment-232-Airyscan Processing-01.czi#1_2024-Jul-3-001
30.0,15.0,7.0,252.7923,158.22093,1.5977172,C2-Experiment-232-Airyscan Processing-01.czi#1_2024-Jul-3-001
32.0,16.0,7.0,246.44275,161.76488,1.5234627,C2-Experiment-232-Airyscan Processing-01.czi#1_2024-Jul-3-001
34.0,17.0,7.0,260.10406,160.85558,1.6170037,C2-Experiment-232-Airyscan Processing-01.czi#1_2024-Jul-3-001
-6.0,-3.0,8.0,319.77698,196.79018,1.6249641,C2-Experiment-232-Airyscan Processing-01.czi#1_2024-Jul-3-001
-4.0,-2.0,8.0,318.03314,177.49423,1.7917942,C2-Experiment-232-Airyscan Processing-01.czi#1_2024-Jul-3-001
-2.0,-1.0,8.0,297.8078,189.2331,1.5737617,C2-Experiment-232-Airyscan Processing-01.czi#1_2024-Jul-3-001
0.0,0.0,8.0,263.38986,182.30763,1.444755,C2-Experiment-232-Airyscan Processing-01.czi#1_2024-Jul-3-001
2.0,1.0,8.0,242.36395,164.11223,1.4768183,C2-Experiment-232-Airyscan Processing-01.czi#1_2024-Jul-3-001
4.0,2.0,8.0,214.51465,161.0242,1.3321888,C2-Experiment-232-Airyscan Processing-01.czi#1_2024-Jul-3-001
6.0,3.0,8.0,209.14363,158.94975,1.3157846,C2-Experiment-232-Airyscan Processing-01.czi#1_2024-Jul-3-001
8.0,4.0,8.0,217.35194,150.21216,1.4469664,C2-Experiment-232-Airyscan Processing-01.czi#1_2024-Jul-3-001
10.0,5.0,8.0,226.55464,161.334,1.4042585,C2-Experiment-232-Airyscan Processing-01.czi#1_2024-Jul-3-001
12.0,6.0,8.0,202.35526,153.8576,1.3152113,C2-Experiment-232-Airyscan Processing-01.czi#1_2024-Jul-3-001
14.0,7.0,8.0,195.71915,158.78076,1.2326376,C2-Experiment-232-Airyscan Processing-01.czi#1_2024-Jul-3-001
16.0,8.0,8.0,199.85916,160.74461,1.2433335,C2-Experiment-232-Airyscan Processing-01.czi#1_2024-Jul-3-001
18.0,9.0,8.0,209.90427,169.24458,1.2402421,C2-Experiment-232-Airyscan Processing-01.czi#1_2024-Jul-3-001
20.0,10.0,8.0,221.25107,163.93704,1.34961,C2-Experiment-232-Airyscan Processing-01.czi#1_2024-Jul-3-001
22.0,11.0,8.0,223.5999,174.67943,1.2800586,C2-Experiment-232-Airyscan Processing-01.czi#1_2024-Jul-3-001
24.0,12.0,8.0,249.2974,169.14728,1.4738481,C2-Experiment-232-Airyscan Processing-01.czi#1_2024-Jul-3-001
26.0,13.0,8.0,235.82184,162.74197,1.4490535,C2-Experiment-232-Airyscan Processing-01.czi#1_2024-Jul-3-001
28.0,14.0,8.0,220.97507,173.70256,1.2721463,C2-Experiment-232-Airyscan Processing-01.czi#1_2024-Jul-3-001
30.0,15.0,8.0,221.88625,155.9333,1.4229561,C2-Experiment-232-Airyscan Processing-01.czi#1_2024-Jul-3-001
32.0,16.0,8.0,184.5539,162.2543,1.137436,C2-Experiment-232-Airyscan Processing-01.czi#1_2024-Jul-3-001
34.0,17.0,8.0,207.30888,164.57748,1.2596431,C2-Experiment-232-Airyscan Processing-01.czi#1_2024-Jul-3-001
-6.0,-3.0,9.0,284.2953,218.97285,1.2983129,C2-Experiment-232-Airyscan Processing-01.czi#1_2024-Jul-3-001
-4.0,-2.0,9.0,294.52832,179.24896,1.6431242,C2-Experiment-232-Airyscan Processing-01.czi#1_2024-Jul-3-001
-2.0,-1.0,9.0,280.4897,194.84853,1.4395268,C2-Experiment-232-Airyscan Processing-01.czi#1_2024-Jul-3-001
0.0,0.0,9.0,260.68994,172.58328,1.5105168,C2-Experiment-232-Airyscan Processing-01.czi#1_2024-Jul-3-001
2.0,1.0,9.0,260.6503,172.00612,1.5153548,C2-Experiment-232-Airyscan Processing-01.czi#1_2024-Jul-3-001
4.0,2.0,9.0,225.9343,167.44719,1.3492869,C2-Experiment-232-Airyscan Processing-01.czi#1_2024-Jul-3-001
6.0,3.0,9.0,220.5765,162.46614,1.3576767,C2-Experiment-232-Airyscan Processing-01.czi#1_2024-Jul-3-001
8.0,4.0,9.0,198.6533,160.34222,1.2389332,C2-Experiment-232-Airyscan Processing-01.czi#1_2024-Jul-3-001
10.0,5.0,9.0,231.88342,169.95584,1.3643745,C2-Experiment-232-Airyscan Processing-01.czi#1_2024-Jul-3-001
12.0,6.0,9.0,215.57681,160.08069,1.346676,C2-Experiment-232-Airyscan Processing-01.czi#1_2024-Jul-3-001
14.0,7.0,9.0,182.92865,167.8499,1.0898347,C2-Experiment-232-Airyscan Processing-01.czi#1_2024-Jul-3-001
16.0,8.0,9.0,201.2018,166.07594,1.2115048,C2-Experiment-232-Airyscan Processing-01.czi#1_2024-Jul-3-001
18.0,9.0,9.0,219.85985,170.00858,1.293228,C2-Experiment-232-Airyscan Processing-01.czi#1_2024-Jul-3-001
20.0,10.0,9.0,236.38849,183.33289,1.2893949,C2-Experiment-232-Airyscan Processing-01.czi#1_2024-Jul-3-001
22.0,11.0,9.0,234.72903,170.66028,1.3754169,C2-Experiment-232-Airyscan Processing-01.czi#1_2024-Jul-3-001
24.0,12.0,9.0,233.98152,171.82988,1.3617045,C2-Experiment-232-Airyscan Processing-01.czi#1_2024-Jul-3-001
26.0,13.0,9.0,235.1305,169.97957,1.3832868,C2-Experiment-232-Airyscan Processing-01.czi#1_2024-Jul-3-001
28.0,14.0,9.0,236.69708,162.71553,1.454668,C2-Experiment-232-Airyscan Processing-01.czi#1_2024-Jul-3-001
30.0,15.0,9.0,218.7703,160.33301,1.3644744,C2-Experiment-232-Airyscan Processing-01.czi#1_2024-Jul-3-001
32.0,16.0,9.0,213.8508,168.40971,1.2698246,C2-Experiment-232-Airyscan Processing-01.czi#1_2024-Jul-3-001
34.0,17.0,9.0,214.5278,176.91023,1.2126365,C2-Experiment-232-Airyscan Processing-01.czi#1_2024-Jul-3-001
-6.0,-3.0,10.0,318.42285,216.7602,1.4690099,C2-Experiment-232-Airyscan Processing-01.czi#1_2024-Jul-3-001
-4.0,-2.0,10.0,280.3476,182.07732,1.5397173,C2-Experiment-232-Airyscan Processing-01.czi#1_2024-Jul-3-001
-2.0,-1.0,10.0,273.2939,189.81134,1.4398187,C2-Experiment-232-Airyscan Processing-01.czi#1_2024-Jul-3-001
0.0,0.0,10.0,259.05728,170.31125,1.5210814,C2-Experiment-232-Airyscan Processing-01.czi#1_2024-Jul-3-001
2.0,1.0,10.0,245.4285,177.42213,1.3833026,C2-Experiment-232-Airyscan Processing-01.czi#1_2024-Jul-3-001
4.0,2.0,10.0,239.39206,173.763,1.3776929,C2-Experiment-232-Airyscan Processing-01.czi#1_2024-Jul-3-001
6.0,3.0,10.0,193.58618,156.50073,1.2369666,C2-Experiment-232-Airyscan Processing-01.czi#1_2024-Jul-3-001
8.0,4.0,10.0,211.85388,147.53105,1.4359952,C2-Experiment-232-Airyscan Processing-01.czi#1_2024-Jul-3-001
10.0,5.0,10.0,196.70789,171.54503,1.1466837,C2-Experiment-232-Airyscan Processing-01.czi#1_2024-Jul-3-001
12.0,6.0,10.0,198.52898,157.23409,1.2626332,C2-Experiment-232-Airyscan Processing-01.czi#1_2024-Jul-3-001
14.0,7.0,10.0,189.49931,152.7505,1.2405806,C2-Experiment-232-Airyscan Processing-01.czi#1_2024-Jul-3-001
16.0,8.0,10.0,208.32416,157.96997,1.318758,C2-Experiment-232-Airyscan Processing-01.czi#1_2024-Jul-3-001
18.0,9.0,10.0,215.19397,163.77365,1.3139719,C2-Experiment-232-Airyscan Processing-01.czi#1_2024-Jul-3-001
20.0,10.0,10.0,237.8133,168.56088,1.410845,C2-Experiment-232-Airyscan Processing-01.czi#1_2024-Jul-3-001
22.0,11.0,10.0,231.892,169.7202,1.3663194,C2-Experiment-232-Airyscan Processing-01.czi#1_2024-Jul-3-001
24.0,12.0,10.0,248.15944,168.51628,1.472614,C2-Experiment-232-Airyscan Processing-01.czi#1_2024-Jul-3-001
26.0,13.0,10.0,232.13098,168.2487,1.3796896,C2-Experiment-232-Airyscan Processing-01.czi#1_2024-Jul-3-001
28.0,14.0,10.0,209.31303,164.43492,1.2729232,C2-Experiment-232-Airyscan Processing-01.czi#1_2024-Jul-3-001
30.0,15.0,10.0,206.0019,157.68849,1.3063852,C2-Experiment-232-Airyscan Processing-01.czi#1_2024-Jul-3-001
32.0,16.0,10.0,197.02493,164.32114,1.1990237,C2-Experiment-232-Airyscan Processing-01.czi#1_2024-Jul-3-001
34.0,17.0,10.0,207.9545,161.97943,1.2838328,C2-Experiment-232-Airyscan Processing-01.czi#1_2024-Jul-3-001
-4.0,-2.0,1.0,391.75446,191.81448,2.0423613,C2-Experiment-232-Airyscan Processing-01.czi#2_2024-Jul-3-001
-2.0,-1.0,1.0,400.2944,162.98972,2.4559488,C2-Experiment-232-Airyscan Processing-01.czi#2_2024-Jul-3-001
0.0,0.0,1.0,360.8902,156.85153,2.3008394,C2-Experiment-232-Airyscan Processing-01.czi#2_2024-Jul-3-001
2.0,1.0,1.0,349.59775,141.2664,2.474741,C2-Experiment-232-Airyscan Processing-01.czi#2_2024-Jul-3-001
4.0,2.0,1.0,336.2057,144.13211,2.3326218,C2-Experiment-232-Airyscan Processing-01.czi#2_2024-Jul-3-001
6.0,3.0,1.0,298.36353,153.91966,1.9384367,C2-Experiment-232-Airyscan Processing-01.czi#2_2024-Jul-3-001
8.0,4.0,1.0,277.39694,141.38474,1.9620006,C2-Experiment-232-Airyscan Processing-01.czi#2_2024-Jul-3-001
10.0,5.0,1.0,303.06503,169.90224,1.7837613,C2-Experiment-232-Airyscan Processing-01.czi#2_2024-Jul-3-001
12.0,6.0,1.0,304.15347,165.80168,1.8344414,C2-Experiment-232-Airyscan Processing-01.czi#2_2024-Jul-3-001
14.0,7.0,1.0,324.10342,171.77307,1.8868116,C2-Experiment-232-Airyscan Processing-01.czi#2_2024-Jul-3-001
16.0,8.0,1.0,338.6526,164.27534,2.0614936,C2-Experiment-232-Airyscan Processing-01.czi#2_2024-Jul-3-001
18.0,9.0,1.0,348.32144,177.18185,1.9658979,C2-Experiment-232-Airyscan Processing-01.czi#2_2024-Jul-3-001
20.0,10.0,1.0,352.13504,171.63103,2.051698,C2-Experiment-232-Airyscan Processing-01.czi#2_2024-Jul-3-001
22.0,11.0,1.0,344.1994,181.27156,1.8988053,C2-Experiment-232-Airyscan Processing-01.czi#2_2024-Jul-3-001
24.0,12.0,1.0,361.11523,184.74016,1.9547198,C2-Experiment-232-Airyscan Processing-01.czi#2_2024-Jul-3-001
26.0,13.0,1.0,346.14273,180.73976,1.9151443,C2-Experiment-232-Airyscan Processing-01.czi#2_2024-Jul-3-001
28.0,14.0,1.0,361.40985,172.76057,2.0919695,C2-Experiment-232-Airyscan Processing-01.czi#2_2024-Jul-3-001
30.0,15.0,1.0,371.82666,173.6136,2.1416907,C2-Experiment-232-Airyscan Processing-01.czi#2_2024-Jul-3-001
32.0,16.0,1.0,343.90054,153.47069,2.2408223,C2-Experiment-232-Airyscan Processing-01.czi#2_2024-Jul-3-001
34.0,17.0,1.0,356.36755,159.90894,2.2285657,C2-Experiment-232-Airyscan Processing-01.czi#2_2024-Jul-3-001
36.0,18.0,1.0,326.83118,169.43738,1.9289201,C2-Experiment-232-Airyscan Processing-01.czi#2_2024-Jul-3-001
-4.0,-2.0,2.0,394.80835,196.25163,2.0117455,C2-Experiment-232-Airyscan Processing-01.czi#2_2024-Jul-3-001
-2.0,-1.0,2.0,353.08768,165.7802,2.1298544,C2-Experiment-232-Airyscan Processing-01.czi#2_2024-Jul-3-001
0.0,0.0,2.0,338.48138,165.9573,2.0395691,C2-Experiment-232-Airyscan Processing-01.czi#2_2024-Jul-3-001
2.0,1.0,2.0,313.11368,146.44041,2.1381643,C2-Experiment-232-Airyscan Processing-01.czi#2_2024-Jul-3-001
4.0,2.0,2.0,309.62704,151.6887,2.0412004,C2-Experiment-232-Airyscan Processing-01.czi#2_2024-Jul-3-001
6.0,3.0,2.0,254.28139,158.34421,1.6058774,C2-Experiment-232-Airyscan Processing-01.czi#2_2024-Jul-3-001
8.0,4.0,2.0,247.6098,145.2748,1.7044237,C2-Experiment-232-Airyscan Processing-01.czi#2_2024-Jul-3-001
10.0,5.0,2.0,280.39587,170.71332,1.6424956,C2-Experiment-232-Airyscan Processing-01.czi#2_2024-Jul-3-001
12.0,6.0,2.0,298.02722,166.05278,1.794774,C2-Experiment-232-Airyscan Processing-01.czi#2_2024-Jul-3-001
14.0,7.0,2.0,288.55014,166.5537,1.7324752,C2-Experiment-232-Airyscan Processing-01.czi#2_2024-Jul-3-001
16.0,8.0,2.0,300.53482,163.46417,1.8385364,C2-Experiment-232-Airyscan Processing-01.czi#2_2024-Jul-3-001
18.0,9.0,2.0,299.1011,175.94275,1.6999911,C2-Experiment-232-Airyscan Processing-01.czi#2_2024-Jul-3-001
20.0,10.0,2.0,320.20236,176.81091,1.8109876,C2-Experiment-232-Airyscan Processing-01.czi#2_2024-Jul-3-001
22.0,11.0,2.0,307.35114,171.3087,1.7941362,C2-Experiment-232-Airyscan Processing-01.czi#2_2024-Jul-3-001
24.0,12.0,2.0,314.57248,176.00519,1.7872909,C2-Experiment-232-Airyscan Processing-01.czi#2_2024-Jul-3-001
26.0,13.0,2.0,312.9585,171.00037,1.8301628,C2-Experiment-232-Airyscan Processing-01.czi#2_2024-Jul-3-001
28.0,14.0,2.0,348.13272,164.67358,2.1140776,C2-Experiment-232-Airyscan Processing-01.czi#2_2024-Jul-3-001
30.0,15.0,2.0,327.55414,169.60999,1.9312197,C2-Experiment-232-Airyscan Processing-01.czi#2_2024-Jul-3-001
32.0,16.0,2.0,341.0815,160.49402,2.1251976,C2-Experiment-232-Airyscan Processing-01.czi#2_2024-Jul-3-001
34.0,17.0,2.0,321.36743,164.13034,1.9580014,C2-Experiment-232-Airyscan Processing-01.czi#2_2024-Jul-3-001
36.0,18.0,2.0,295.0088,171.2581,1.7225976,C2-Experiment-232-Airyscan Processing-01.czi#2_2024-Jul-3-001
-4.0,-2.0,3.0,,,,C2-Experiment-232-Airyscan Processing-01.czi#2_2024-Jul-3-001
-2.0,-1.0,3.0,414.65448,187.44023,2.2121956,C2-Experiment-232-Airyscan Processing-01.czi#2_2024-Jul-3-001
0.0,0.0,3.0,387.1863,177.37831,2.1828277,C2-Experiment-232-Airyscan Processing-01.czi#2_2024-Jul-3-001
2.0,1.0,3.0,381.35257,144.23305,2.6440027,C2-Experiment-232-Airyscan Processing-01.czi#2_2024-Jul-3-001
4.0,2.0,3.0,339.08148,160.50354,2.1126106,C2-Experiment-232-Airyscan Processing-01.czi#2_2024-Jul-3-001
6.0,3.0,3.0,294.46432,169.38034,1.73848,C2-Experiment-232-Airyscan Processing-01.czi#2_2024-Jul-3-001
8.0,4.0,3.0,277.81335,154.22313,1.8013729,C2-Experiment-232-Airyscan Processing-01.czi#2_2024-Jul-3-001
10.0,5.0,3.0,300.6412,178.55562,1.6837398,C2-Experiment-232-Airyscan Processing-01.czi#2_2024-Jul-3-001
12.0,6.0,3.0,335.796,181.18492,1.853333,C2-Experiment-232-Airyscan Processing-01.czi#2_2024-Jul-3-001
14.0,7.0,3.0,328.04004,183.50978,1.7875888,C2-Experiment-232-Airyscan Processing-01.czi#2_2024-Jul-3-001
16.0,8.0,3.0,306.33078,174.1928,1.7585732,C2-Experiment-232-Airyscan Processing-01.czi#2_2024-Jul-3-001
18.0,9.0,3.0,338.0457,180.25551,1.8753695,C2-Experiment-232-Airyscan Processing-01.czi#2_2024-Jul-3-001
20.0,10.0,3.0,336.1481,183.7495,1.8293824,C2-Experiment-232-Airyscan Processing-01.czi#2_2024-Jul-3-001
22.0,11.0,3.0,332.48523,198.5986,1.6741569,C2-Experiment-232-Airyscan Processing-01.czi#2_2024-Jul-3-001
24.0,12.0,3.0,341.1839,189.22221,1.8030859,C2-Experiment-232-Airyscan Processing-01.czi#2_2024-Jul-3-001
26.0,13.0,3.0,345.79785,186.0029,1.8590993,C2-Experiment-232-Airyscan Processing-01.czi#2_2024-Jul-3-001
28.0,14.0,3.0,353.1088,187.23653,1.8858969,C2-Experiment-232-Airyscan Processing-01.czi#2_2024-Jul-3-001
30.0,15.0,3.0,313.78027,176.747,1.7753075,C2-Experiment-232-Airyscan Processing-01.czi#2_2024-Jul-3-001
32.0,16.0,3.0,328.0472,159.06055,2.0624046,C2-Experiment-232-Airyscan Processing-01.czi#2_2024-Jul-3-001
34.0,17.0,3.0,323.5282,165.21362,1.9582417,C2-Experiment-232-Airyscan Processing-01.czi#2_2024-Jul-3-001
36.0,18.0,3.0,288.2554,171.08319,1.6848844,C2-Experiment-232-Airyscan Processing-01.czi#2_2024-Jul-3-001
-4.0,-2.0,4.0,,,,C2-Experiment-232-Airyscan Processing-01.czi#2_2024-Jul-3-001
-2.0,-1.0,4.0,338.0789,158.18951,2.1371763,C2-Experiment-232-Airyscan Processing-01.czi#2_2024-Jul-3-001
0.0,0.0,4.0,352.1646,161.74582,2.1772718,C2-Experiment-232-Airyscan Processing-01.czi#2_2024-Jul-3-001
2.0,1.0,4.0,313.9726,146.71988,2.1399457,C2-Experiment-232-Airyscan Processing-01.czi#2_2024-Jul-3-001
4.0,2.0,4.0,302.1495,143.76758,2.1016526,C2-Experiment-232-Airyscan Processing-01.czi#2_2024-Jul-3-001
6.0,3.0,4.0,263.47006,150.52744,1.7503126,C2-Experiment-232-Airyscan Processing-01.czi#2_2024-Jul-3-001
8.0,4.0,4.0,236.71518,137.3653,1.7232531,C2-Experiment-232-Airyscan Processing-01.czi#2_2024-Jul-3-001
10.0,5.0,4.0,260.6873,165.53896,1.574779,C2-Experiment-232-Airyscan Processing-01.czi#2_2024-Jul-3-001
12.0,6.0,4.0,299.54285,164.9494,1.815968,C2-Experiment-232-Airyscan Processing-01.czi#2_2024-Jul-3-001
14.0,7.0,4.0,318.85312,165.95392,1.9213353,C2-Experiment-232-Airyscan Processing-01.czi#2_2024-Jul-3-001
16.0,8.0,4.0,306.72955,166.4131,1.8431815,C2-Experiment-232-Airyscan Processing-01.czi#2_2024-Jul-3-001
18.0,9.0,4.0,284.7378,174.21234,1.6344296,C2-Experiment-232-Airyscan Processing-01.czi#2_2024-Jul-3-001
20.0,10.0,4.0,284.38837,169.26614,1.6801255,C2-Experiment-232-Airyscan Processing-01.czi#2_2024-Jul-3-001
22.0,11.0,4.0,295.73087,182.56918,1.619829,C2-Experiment-232-Airyscan Processing-01.czi#2_2024-Jul-3-001
24.0,12.0,4.0,294.36984,170.09418,1.7306286,C2-Experiment-232-Airyscan Processing-01.czi#2_2024-Jul-3-001
26.0,13.0,4.0,304.94858,172.53519,1.7674574,C2-Experiment-232-Airyscan Processing-01.czi#2_2024-Jul-3-001
28.0,14.0,4.0,288.13474,165.85794,1.737238,C2-Experiment-232-Airyscan Processing-01.czi#2_2024-Jul-3-001
30.0,15.0,4.0,304.60272,167.08032,1.8230915,C2-Experiment-232-Airyscan Processing-01.czi#2_2024-Jul-3-001
32.0,16.0,4.0,310.59018,154.39836,2.0116158,C2-Experiment-232-Airyscan Processing-01.czi#2_2024-Jul-3-001
34.0,17.0,4.0,254.30226,156.69493,1.6229131,C2-Experiment-232-Airyscan Processing-01.czi#2_2024-Jul-3-001
36.0,18.0,4.0,300.96875,160.25389,1.8780745,C2-Experiment-232-Airyscan Processing-01.czi#2_2024-Jul-3-001
-4.0,-2.0,5.0,365.4387,200.75319,1.8203381,C2-Experiment-232-Airyscan Processing-01.czi#2_2024-Jul-3-001
-2.0,-1.0,5.0,344.949,170.07458,2.0282218,C2-Experiment-232-Airyscan Processing-01.czi#2_2024-Jul-3-001
0.0,0.0,5.0,344.63586,161.52924,2.1335819,C2-Experiment-232-Airyscan Processing-01.czi#2_2024-Jul-3-001
2.0,1.0,5.0,300.84186,144.1021,2.0876994,C2-Experiment-232-Airyscan Processing-01.czi#2_2024-Jul-3-001
4.0,2.0,5.0,307.9591,153.79109,2.002451,C2-Experiment-232-Airyscan Processing-01.czi#2_2024-Jul-3-001
6.0,3.0,5.0,256.44302,153.77881,1.6676097,C2-Experiment-232-Airyscan Processing-01.czi#2_2024-Jul-3-001
8.0,4.0,5.0,269.5157,138.3395,1.9482194,C2-Experiment-232-Airyscan Processing-01.czi#2_2024-Jul-3-001
10.0,5.0,5.0,281.7099,172.11186,1.6367837,C2-Experiment-232-Airyscan Processing-01.czi#2_2024-Jul-3-001
12.0,6.0,5.0,327.92657,171.81303,1.9086245,C2-Experiment-232-Airyscan Processing-01.czi#2_2024-Jul-3-001
14.0,7.0,5.0,320.43887,176.77104,1.812734,C2-Experiment-232-Airyscan Processing-01.czi#2_2024-Jul-3-001
16.0,8.0,5.0,318.75348,164.3422,1.9395717,C2-Experiment-232-Airyscan Processing-01.czi#2_2024-Jul-3-001
18.0,9.0,5.0,330.21777,174.7861,1.8892679,C2-Experiment-232-Airyscan Processing-01.czi#2_2024-Jul-3-001
20.0,10.0,5.0,321.63,169.64993,1.8958452,C2-Experiment-232-Airyscan Processing-01.czi#2_2024-Jul-3-001
22.0,11.0,5.0,321.46863,178.3053,1.8029113,C2-Experiment-232-Airyscan Processing-01.czi#2_2024-Jul-3-001
24.0,12.0,5.0,316.40143,173.76999,1.8208059,C2-Experiment-232-Airyscan Processing-01.czi#2_2024-Jul-3-001
26.0,13.0,5.0,305.30356,177.84192,1.7167132,C2-Experiment-232-Airyscan Processing-01.czi#2_2024-Jul-3-001
28.0,14.0,5.0,338.54318,166.8428,2.0291147,C2-Experiment-232-Airyscan Processing-01.czi#2_2024-Jul-3-001
30.0,15.0,5.0,332.0024,169.12166,1.9630982,C2-Experiment-232-Airyscan Processing-01.czi#2_2024-Jul-3-001
32.0,16.0,5.0,328.6354,159.50949,2.0602875,C2-Experiment-232-Airyscan Processing-01.czi#2_2024-Jul-3-001
34.0,17.0,5.0,313.7854,169.66,1.8494954,C2-Experiment-232-Airyscan Processing-01.czi#2_2024-Jul-3-001
36.0,18.0,5.0,320.72888,167.22801,1.9179137,C2-Experiment-232-Airyscan Processing-01.czi#2_2024-Jul-3-001
-4.0,-2.0,6.0,322.2605,196.80482,1.6374624,C2-Experiment-232-Airyscan Processing-01.czi#2_2024-Jul-3-001
-2.0,-1.0,6.0,309.6494,181.91286,1.7021854,C2-Experiment-232-Airyscan Processing-01.czi#2_2024-Jul-3-001
0.0,0.0,6.0,290.0359,173.61977,1.6705234,C2-Experiment-232-Airyscan Processing-01.czi#2_2024-Jul-3-001
2.0,1.0,6.0,301.37173,161.95427,1.8608446,C2-Experiment-232-Airyscan Processing-01.czi#2_2024-Jul-3-001
4.0,2.0,6.0,305.1999,165.79492,1.8408277,C2-Experiment-232-Airyscan Processing-01.czi#2_2024-Jul-3-001
6.0,3.0,6.0,250.7593,162.65048,1.5417064,C2-Experiment-232-Airyscan Processing-01.czi#2_2024-Jul-3-001
8.0,4.0,6.0,244.29292,155.0804,1.5752662,C2-Experiment-232-Airyscan Processing-01.czi#2_2024-Jul-3-001
10.0,5.0,6.0,293.65247,188.30882,1.5594196,C2-Experiment-232-Airyscan Processing-01.czi#2_2024-Jul-3-001
12.0,6.0,6.0,303.2368,186.32346,1.6274751,C2-Experiment-232-Airyscan Processing-01.czi#2_2024-Jul-3-001
14.0,7.0,6.0,323.045,183.46373,1.7608113,C2-Experiment-232-Airyscan Processing-01.czi#2_2024-Jul-3-001
16.0,8.0,6.0,334.1669,187.27408,1.7843735,C2-Experiment-232-Airyscan Processing-01.czi#2_2024-Jul-3-001
18.0,9.0,6.0,319.65186,181.8525,1.7577535,C2-Experiment-232-Airyscan Processing-01.czi#2_2024-Jul-3-001
20.0,10.0,6.0,345.25876,184.6449,1.8698527,C2-Experiment-232-Airyscan Processing-01.czi#2_2024-Jul-3-001
22.0,11.0,6.0,340.99008,194.65976,1.7517235,C2-Experiment-232-Airyscan Processing-01.czi#2_2024-Jul-3-001
24.0,12.0,6.0,335.31235,187.90268,1.7845001,C2-Experiment-232-Airyscan Processing-01.czi#2_2024-Jul-3-001
26.0,13.0,6.0,334.4055,191.3382,1.7477194,C2-Experiment-232-Airyscan Processing-01.czi#2_2024-Jul-3-001
28.0,14.0,6.0,334.32758,178.18091,1.8763378,C2-Experiment-232-Airyscan Processing-01.czi#2_2024-Jul-3-001
30.0,15.0,6.0,362.01422,194.79346,1.8584516,C2-Experiment-232-Airyscan Processing-01.czi#2_2024-Jul-3-001
32.0,16.0,6.0,344.25443,176.1461,1.9543687,C2-Experiment-232-Airyscan Processing-01.czi#2_2024-Jul-3-001
34.0,17.0,6.0,361.31213,181.8955,1.9863721,C2-Experiment-232-Airyscan Processing-01.czi#2_2024-Jul-3-001
36.0,18.0,6.0,335.8423,181.22206,1.8532087,C2-Experiment-232-Airyscan Processing-01.czi#2_2024-Jul-3-001
-4.0,-2.0,7.0,267.10922,188.80843,1.4147103,C2-Experiment-232-Airyscan Processing-01.czi#2_2024-Jul-3-001
-2.0,-1.0,7.0,258.3755,172.36328,1.499017,C2-Experiment-232-Airyscan Processing-01.czi#2_2024-Jul-3-001
0.0,0.0,7.0,275.0038,167.36935,1.6430954,C2-Experiment-232-Airyscan Processing-01.czi#2_2024-Jul-3-001
2.0,1.0,7.0,271.2687,148.34274,1.8286618,C2-Experiment-232-Airyscan Processing-01.czi#2_2024-Jul-3-001
4.0,2.0,7.0,271.64294,159.47098,1.7034005,C2-Experiment-232-Airyscan Processing-01.czi#2_2024-Jul-3-001
6.0,3.0,7.0,232.77882,159.8865,1.4559004,C2-Experiment-232-Airyscan Processing-01.czi#2_2024-Jul-3-001
8.0,4.0,7.0,228.69167,144.80478,1.5793102,C2-Experiment-232-Airyscan Processing-01.czi#2_2024-Jul-3-001
10.0,5.0,7.0,286.39392,178.34761,1.6058186,C2-Experiment-232-Airyscan Processing-01.czi#2_2024-Jul-3-001
12.0,6.0,7.0,303.16403,178.09431,1.7022668,C2-Experiment-232-Airyscan Processing-01.czi#2_2024-Jul-3-001
14.0,7.0,7.0,317.00424,183.6996,1.7256665,C2-Experiment-232-Airyscan Processing-01.czi#2_2024-Jul-3-001
16.0,8.0,7.0,313.7767,180.36172,1.7397078,C2-Experiment-232-Airyscan Processing-01.czi#2_2024-Jul-3-001
18.0,9.0,7.0,290.0069,184.50317,1.5718261,C2-Experiment-232-Airyscan Processing-01.czi#2_2024-Jul-3-001
20.0,10.0,7.0,308.17404,180.59184,1.7064672,C2-Experiment-232-Airyscan Processing-01.czi#2_2024-Jul-3-001
22.0,11.0,7.0,297.08118,188.56166,1.575512,C2-Experiment-232-Airyscan Processing-01.czi#2_2024-Jul-3-001
24.0,12.0,7.0,282.34802,188.50722,1.4978101,C2-Experiment-232-Airyscan Processing-01.czi#2_2024-Jul-3-001
26.0,13.0,7.0,331.10092,192.06384,1.7239107,C2-Experiment-232-Airyscan Processing-01.czi#2_2024-Jul-3-001
28.0,14.0,7.0,314.45187,178.08047,1.7657852,C2-Experiment-232-Airyscan Processing-01.czi#2_2024-Jul-3-001
30.0,15.0,7.0,336.046,173.5842,1.935925,C2-Experiment-232-Airyscan Processing-01.czi#2_2024-Jul-3-001
32.0,16.0,7.0,326.34763,162.94559,2.0028012,C2-Experiment-232-Airyscan Processing-01.czi#2_2024-Jul-3-001
34.0,17.0,7.0,309.69016,173.08743,1.7892122,C2-Experiment-232-Airyscan Processing-01.czi#2_2024-Jul-3-001
36.0,18.0,7.0,298.51895,182.83214,1.6327488,C2-Experiment-232-Airyscan Processing-01.czi#2_2024-Jul-3-001
-6.0,-3.0,1.0,189.81914,123.90162,1.532015,C2-Experiment-235-Airyscan Processing-01.czi#1_2024-Jul-3-001
-4.0,-2.0,1.0,193.41852,110.43735,1.7513869,C2-Experiment-235-Airyscan Processing-01.czi#1_2024-Jul-3-001
-2.0,-1.0,1.0,202.2416,109.03061,1.8549066,C2-Experiment-235-Airyscan Processing-01.czi#1_2024-Jul-3-001
0.0,0.0,1.0,119.34253,199.74263,0.5974815,C2-Experiment-235-Airyscan Processing-01.czi#1_2024-Jul-3-001
2.0,1.0,1.0,166.7232,98.485,1.6928792,C2-Experiment-235-Airyscan Processing-01.czi#1_2024-Jul-3-001
4.0,2.0,1.0,146.98149,99.818054,1.472494,C2-Experiment-235-Airyscan Processing-01.czi#1_2024-Jul-3-001
6.0,3.0,1.0,164.24176,101.14619,1.6238058,C2-Experiment-235-Airyscan Processing-01.czi#1_2024-Jul-3-001
8.0,4.0,1.0,182.99818,104.29811,1.7545686,C2-Experiment-235-Airyscan Processing-01.czi#1_2024-Jul-3-001
10.0,5.0,1.0,176.84474,102.88035,1.7189361,C2-Experiment-235-Airyscan Processing-01.czi#1_2024-Jul-3-001
12.0,6.0,1.0,179.28032,102.07303,1.7563927,C2-Experiment-235-Airyscan Processing-01.czi#1_2024-Jul-3-001
14.0,7.0,1.0,185.74957,103.525795,1.7942346,C2-Experiment-235-Airyscan Processing-01.czi#1_2024-Jul-3-001
16.0,8.0,1.0,184.45767,102.84559,1.79354,C2-Experiment-235-Airyscan Processing-01.czi#1_2024-Jul-3-001
18.0,9.0,1.0,178.49309,99.40613,1.7955945,C2-Experiment-235-Airyscan Processing-01.czi#1_2024-Jul-3-001
20.0,10.0,1.0,179.4648,111.1137,1.6151456,C2-Experiment-235-Airyscan Processing-01.czi#1_2024-Jul-3-001
22.0,11.0,1.0,160.28584,110.967606,1.4444381,C2-Experiment-235-Airyscan Processing-01.czi#1_2024-Jul-3-001
24.0,12.0,1.0,171.73073,106.63304,1.6104833,C2-Experiment-235-Airyscan Processing-01.czi#1_2024-Jul-3-001
26.0,13.0,1.0,166.49345,111.6734,1.4908962,C2-Experiment-235-Airyscan Processing-01.czi#1_2024-Jul-3-001
28.0,14.0,1.0,175.36232,111.64054,1.5707763,C2-Experiment-235-Airyscan Processing-01.czi#1_2024-Jul-3-001
30.0,15.0,1.0,167.90475,111.53854,1.5053519,C2-Experiment-235-Airyscan Processing-01.czi#1_2024-Jul-3-001
32.0,16.0,1.0,152.94543,115.66983,1.3222587,C2-Experiment-235-Airyscan Processing-01.czi#1_2024-Jul-3-001
34.0,17.0,1.0,149.97362,116.954704,1.2823223,C2-Experiment-235-Airyscan Processing-01.czi#1_2024-Jul-3-001
36.0,18.0,1.0,151.11221,111.050705,1.3607497,C2-Experiment-235-Airyscan Processing-01.czi#1_2024-Jul-3-001
38.0,19.0,1.0,157.91237,107.28385,1.4719118,C2-Experiment-235-Airyscan Processing-01.czi#1_2024-Jul-3-001
40.0,20.0,1.0,149.70497,112.67757,1.3286138,C2-Experiment-235-Airyscan Processing-01.czi#1_2024-Jul-3-001
42.0,21.0,1.0,165.89944,116.06919,1.4293151,C2-Experiment-235-Airyscan Processing-01.czi#1_2024-Jul-3-001
-6.0,-3.0,2.0,188.41081,127.40936,1.4787831,C2-Experiment-235-Airyscan Processing-01.czi#1_2024-Jul-3-001
-4.0,-2.0,2.0,190.38478,114.63963,1.6607239,C2-Experiment-235-Airyscan Processing-01.czi#1_2024-Jul-3-001
-2.0,-1.0,2.0,199.35498,109.78604,1.81585,C2-Experiment-235-Airyscan Processing-01.czi#1_2024-Jul-3-001
0.0,0.0,2.0,134.39348,192.99538,0.69635594,C2-Experiment-235-Airyscan Processing-01.czi#1_2024-Jul-3-001
2.0,1.0,2.0,162.271,104.84361,1.5477433,C2-Experiment-235-Airyscan Processing-01.czi#1_2024-Jul-3-001
4.0,2.0,2.0,163.29561,102.924706,1.586554,C2-Experiment-235-Airyscan Processing-01.czi#1_2024-Jul-3-001
6.0,3.0,2.0,169.80685,106.24879,1.5982004,C2-Experiment-235-Airyscan Processing-01.czi#1_2024-Jul-3-001
8.0,4.0,2.0,178.04301,104.51154,1.7035728,C2-Experiment-235-Airyscan Processing-01.czi#1_2024-Jul-3-001
10.0,5.0,2.0,177.50711,104.6552,1.6961137,C2-Experiment-235-Airyscan Processing-01.czi#1_2024-Jul-3-001
12.0,6.0,2.0,207.39568,102.74893,2.0184703,C2-Experiment-235-Airyscan Processing-01.czi#1_2024-Jul-3-001
14.0,7.0,2.0,193.69954,104.52806,1.8530865,C2-Experiment-235-Airyscan Processing-01.czi#1_2024-Jul-3-001
16.0,8.0,2.0,186.47015,102.825294,1.8134658,C2-Experiment-235-Airyscan Processing-01.czi#1_2024-Jul-3-001
18.0,9.0,2.0,191.81001,108.42467,1.7690625,C2-Experiment-235-Airyscan Processing-01.czi#1_2024-Jul-3-001
20.0,10.0,2.0,172.27798,115.43565,1.4924157,C2-Experiment-235-Airyscan Processing-01.czi#1_2024-Jul-3-001
22.0,11.0,2.0,167.43758,113.0166,1.4815308,C2-Experiment-235-Airyscan Processing-01.czi#1_2024-Jul-3-001
24.0,12.0,2.0,187.75288,109.37975,1.7165232,C2-Experiment-235-Airyscan Processing-01.czi#1_2024-Jul-3-001
26.0,13.0,2.0,181.60649,111.02978,1.6356558,C2-Experiment-235-Airyscan Processing-01.czi#1_2024-Jul-3-001
28.0,14.0,2.0,172.94893,111.1145,1.5564928,C2-Experiment-235-Airyscan Processing-01.czi#1_2024-Jul-3-001
30.0,15.0,2.0,192.02513,114.08575,1.683165,C2-Experiment-235-Airyscan Processing-01.czi#1_2024-Jul-3-001
32.0,16.0,2.0,193.42087,108.95103,1.775301,C2-Experiment-235-Airyscan Processing-01.czi#1_2024-Jul-3-001
34.0,17.0,2.0,154.82828,118.148445,1.3104554,C2-Experiment-235-Airyscan Processing-01.czi#1_2024-Jul-3-001
36.0,18.0,2.0,156.07303,114.16392,1.367096,C2-Experiment-235-Airyscan Processing-01.czi#1_2024-Jul-3-001
38.0,19.0,2.0,148.32365,110.84674,1.3380966,C2-Experiment-235-Airyscan Processing-01.czi#1_2024-Jul-3-001
40.0,20.0,2.0,166.85844,112.402695,1.4844701,C2-Experiment-235-Airyscan Processing-01.czi#1_2024-Jul-3-001
42.0,21.0,2.0,167.75093,118.415634,1.4166282,C2-Experiment-235-Airyscan Processing-01.czi#1_2024-Jul-3-001
-6.0,-3.0,3.0,237.40851,130.44662,1.8199667,C2-Experiment-235-Airyscan Processing-01.czi#1_2024-Jul-3-001
-4.0,-2.0,3.0,211.73843,112.18705,1.8873696,C2-Experiment-235-Airyscan Processing-01.czi#1_2024-Jul-3-001
-2.0,-1.0,3.0,203.73466,110.785034,1.8390089,C2-Experiment-235-Airyscan Processing-01.czi#1_2024-Jul-3-001
0.0,0.0,3.0,137.7508,228.44894,0.6029828,C2-Experiment-235-Airyscan Processing-01.czi#1_2024-Jul-3-001
2.0,1.0,3.0,169.59016,101.21442,1.6755534,C2-Experiment-235-Airyscan Processing-01.czi#1_2024-Jul-3-001
4.0,2.0,3.0,169.05643,97.441666,1.7349501,C2-Experiment-235-Airyscan Processing-01.czi#1_2024-Jul-3-001
6.0,3.0,3.0,169.27464,98.51329,1.7182925,C2-Experiment-235-Airyscan Processing-01.czi#1_2024-Jul-3-001
8.0,4.0,3.0,189.11716,103.64226,1.8247108,C2-Experiment-235-Airyscan Processing-01.czi#1_2024-Jul-3-001
10.0,5.0,3.0,184.67549,105.31288,1.7535888,C2-Experiment-235-Airyscan Processing-01.czi#1_2024-Jul-3-001
12.0,6.0,3.0,205.41116,100.712006,2.0395896,C2-Experiment-235-Airyscan Processing-01.czi#1_2024-Jul-3-001
14.0,7.0,3.0,197.09181,102.847534,1.9163494,C2-Experiment-235-Airyscan Processing-01.czi#1_2024-Jul-3-001
16.0,8.0,3.0,195.74799,104.404076,1.8749075,C2-Experiment-235-Airyscan Processing-01.czi#1_2024-Jul-3-001
18.0,9.0,3.0,198.95746,105.06145,1.8937247,C2-Experiment-235-Airyscan Processing-01.czi#1_2024-Jul-3-001
20.0,10.0,3.0,190.20795,107.411316,1.7708372,C2-Experiment-235-Airyscan Processing-01.czi#1_2024-Jul-3-001
22.0,11.0,3.0,170.9085,109.67223,1.558357,C2-Experiment-235-Airyscan Processing-01.czi#1_2024-Jul-3-001
24.0,12.0,3.0,201.07458,104.28772,1.9280754,C2-Experiment-235-Airyscan Processing-01.czi#1_2024-Jul-3-001
26.0,13.0,3.0,178.29936,115.61905,1.5421278,C2-Experiment-235-Airyscan Processing-01.czi#1_2024-Jul-3-001
28.0,14.0,3.0,206.04256,103.207245,1.9963963,C2-Experiment-235-Airyscan Processing-01.czi#1_2024-Jul-3-001
30.0,15.0,3.0,201.52162,112.01373,1.7990797,C2-Experiment-235-Airyscan Processing-01.czi#1_2024-Jul-3-001
32.0,16.0,3.0,216.36935,111.6254,1.9383523,C2-Experiment-235-Airyscan Processing-01.czi#1_2024-Jul-3-001
34.0,17.0,3.0,168.90004,114.7435,1.4719791,C2-Experiment-235-Airyscan Processing-01.czi#1_2024-Jul-3-001
36.0,18.0,3.0,154.31332,110.3514,1.3983812,C2-Experiment-235-Airyscan Processing-01.czi#1_2024-Jul-3-001
38.0,19.0,3.0,152.065,109.34104,1.3907404,C2-Experiment-235-Airyscan Processing-01.czi#1_2024-Jul-3-001
40.0,20.0,3.0,182.55476,116.07311,1.5727566,C2-Experiment-235-Airyscan Processing-01.czi#1_2024-Jul-3-001
42.0,21.0,3.0,169.33916,113.76373,1.4885162,C2-Experiment-235-Airyscan Processing-01.czi#1_2024-Jul-3-001
-6.0,-3.0,4.0,233.21703,128.08542,1.8207929,C2-Experiment-235-Airyscan Processing-01.czi#1_2024-Jul-3-001
-4.0,-2.0,4.0,230.49223,118.20449,1.9499449,C2-Experiment-235-Airyscan Processing-01.czi#1_2024-Jul-3-001
-2.0,-1.0,4.0,215.23077,114.493195,1.8798565,C2-Experiment-235-Airyscan Processing-01.czi#1_2024-Jul-3-001
0.0,0.0,4.0,108.35099,203.48267,0.5324827,C2-Experiment-235-Airyscan Processing-01.czi#1_2024-Jul-3-001
2.0,1.0,4.0,149.93207,101.72489,1.4738976,C2-Experiment-235-Airyscan Processing-01.czi#1_2024-Jul-3-001
4.0,2.0,4.0,147.22443,102.52621,1.4359688,C2-Experiment-235-Airyscan Processing-01.czi#1_2024-Jul-3-001
6.0,3.0,4.0,162.67928,101.01415,1.6104603,C2-Experiment-235-Airyscan Processing-01.czi#1_2024-Jul-3-001
8.0,4.0,4.0,163.80081,100.15338,1.6354996,C2-Experiment-235-Airyscan Processing-01.czi#1_2024-Jul-3-001
10.0,5.0,4.0,188.94872,112.65187,1.6772798,C2-Experiment-235-Airyscan Processing-01.czi#1_2024-Jul-3-001
12.0,6.0,4.0,183.95505,110.71622,1.6615005,C2-Experiment-235-Airyscan Processing-01.czi#1_2024-Jul-3-001
14.0,7.0,4.0,181.81111,109.52676,1.6599698,C2-Experiment-235-Airyscan Processing-01.czi#1_2024-Jul-3-001
16.0,8.0,4.0,176.00433,106.81407,1.6477635,C2-Experiment-235-Airyscan Processing-01.czi#1_2024-Jul-3-001
18.0,9.0,4.0,179.95222,108.27267,1.6620282,C2-Experiment-235-Airyscan Processing-01.czi#1_2024-Jul-3-001
20.0,10.0,4.0,169.1306,111.59838,1.5155292,C2-Experiment-235-Airyscan Processing-01.czi#1_2024-Jul-3-001
22.0,11.0,4.0,163.90523,111.79197,1.4661628,C2-Experiment-235-Airyscan Processing-01.czi#1_2024-Jul-3-001
24.0,12.0,4.0,163.88089,108.77823,1.5065596,C2-Experiment-235-Airyscan Processing-01.czi#1_2024-Jul-3-001
26.0,13.0,4.0,166.07872,113.80945,1.45927,C2-Experiment-235-Airyscan Processing-01.czi#1_2024-Jul-3-001
28.0,14.0,4.0,155.99443,108.35285,1.4396892,C2-Experiment-235-Airyscan Processing-01.czi#1_2024-Jul-3-001
30.0,15.0,4.0,170.78598,116.71042,1.4633311,C2-Experiment-235-Airyscan Processing-01.czi#1_2024-Jul-3-001
32.0,16.0,4.0,162.251,116.85292,1.3885062,C2-Experiment-235-Airyscan Processing-01.czi#1_2024-Jul-3-001
34.0,17.0,4.0,150.65596,119.28834,1.2629563,C2-Experiment-235-Airyscan Processing-01.czi#1_2024-Jul-3-001
36.0,18.0,4.0,141.70078,110.69653,1.2800832,C2-Experiment-235-Airyscan Processing-01.czi#1_2024-Jul-3-001
38.0,19.0,4.0,150.3995,112.77767,1.3335929,C2-Experiment-235-Airyscan Processing-01.czi#1_2024-Jul-3-001
40.0,20.0,4.0,143.07697,109.94273,1.3013772,C2-Experiment-235-Airyscan Processing-01.czi#1_2024-Jul-3-001
42.0,21.0,4.0,158.30498,116.83908,1.3548975,C2-Experiment-235-Airyscan Processing-01.czi#1_2024-Jul-3-001
